"mouse_ID","Group","Sex","ctrl_injection_site","# Marbles Buried","Digging Duration","Grooming Duration","Rearing Duration","Thigmotaxis Duration (Phase1)","Thigmotaxis Duration (Phase2)","Thigmotaxis Duration (Phase3)","Thigmotaxis Duration (Phase4)","Avg Speed (Phase1)","Avg Speed (Phase2)","Avg Speed (Phase3)","Avg Speed (Phase4)","Distance Moved","Head Dip Count","Open Arm Entrance Count","Open Arm Duration","Total Licks","Sucrose Preference Ratio (Whole 2hrs)","First 30 min. Sucr. / Total Sucr.","Last 30 min. Sucr. / Total Sucr.","First 30 min. Water / Total Water","Last 30 min. Water / Total Water","First 30 min. Liquid / Total Liquid","Last 30 min. Liquid / Total Liquid","Sucr. Pref. Ratio (First 30 Mins.)","Sucr. Pref. Ratio (Last 30 Mins.)","Preference Change Index","Time to 50% Sucr. Lick","Time to 50% Water Lick","Norm. Food Consumption","Avg. Inter-Feeding Interval","Latency to First Feeding","Consumption Rate","Ratio of Early Feeding","Ratio of Late Feeding","Satiety Index","Time to 50% Feeding","Coeff. Var: Inter-Feeding Interval","Fear Cond.: Last Session Frz.","Context Recall: 1st Half Frz.","Context Recall: 2nd Half Frz.","Context Recall: dFrz. (1st Half - 2nd Half)","Context Recall: Frz. (Whole Session)","CS Recall: Pre-Onset Frz.","CS Recall: Frz. (First 2 Sessions)","CS Recall: Frz. (Last 2 Sessions)","CS Recall: First - Last","Active Coping Duration","Temporal AUC: Active Coping","Inactive Duration (Day1)","Inactive Duration (Day2)","Delta Inactive Duration (Day2 - Day1)","Temporal AUC: Inactive (Day1)","Temporal AUC: Inactive (Day2)"
"m01","BG_1","M",,5,0.0728,0.1037,0.139,201.1,119.633333333333,180.266666666667,58.8333333333333,2.12454075656345,1.35722575616252,1.9440374314488,1.0413967003835,15444.55154,6,9,53.6115,439,0.865603644646925,0.368421052631579,0.302631578947368,0.389830508474576,0.186440677966102,0.37129840546697,0.287015945330296,0.858895705521472,0.912698412698413,-0.030369657826027,2840.0486,2638.6507,1.72727272727273,186.324324324324,288,0.316666666666667,11,2,0.692307692307692,3486,1.42048479938978,0.0653,0.1229,0.1056,0.0173,0.2285,0.0045,0.0482,0.0076,0.0406,0.4588,-392.5274,0.1475,0.1076,-0.0399,9110.2925,7221.7914
"m02","HPC_1","F",,12,0.1879,0.077,0.0671,243.433333333333,199.3,162.966666666667,114.3,3.62958140333324,2.91582182418762,2.57487325307353,1.57525851622674,26573.08582,17,14,112.7081,209,0.842105263157895,0.494318181818182,0.284090909090909,0.424242424242424,0.090909090909091,0.483253588516746,0.253588516746411,0.861386138613861,0.943396226415094,-0.045440430597247,1886.1884,1965.0122,2.17391304347826,141.477272727273,591,0.375,10,14,-0.166666666666667,4334,1.24991455697249,0.2002,0.0819,0.1949,-0.113,0.2768,0.0036,0.3499,0.3467,0.0032,0.6855,-2675.5291,0.2222,0.3638,0.1416,5656.5714,8056.2385
"m03","HPC_1","F",,10,0.16,0.0702,0.0717,303.233333333333,238.2,240.366666666667,201.766666666667,4.06446642321426,3.02891326652292,2.85237089466323,2.11616306632262,22785.18588,8,9,70.4054,334,0.610778443113772,0.583333333333333,0.186274509803922,0.823076923076923,0.046153846153846,0.676646706586826,0.131736526946108,0.526548672566372,0.863636363636364,-0.242476851851852,1457.5794,304.4316,1.32352941176471,267.692307692308,221,0.225,7,7,0,3832,1.02569590721027,0.3629,0.1077,0.2768,-0.1691,0.3845,0.0108,0.1026,0.3785,-0.2759,0.3672,-2739.4564,0.5117,0.6374,0.1257,4737.0937,655.7703
"m04","HPC_1","F",,15,0.2204,0.0604,0.0528,277.6,165.833333333333,198.533333333333,187.066666666667,4.05727892888807,2.42672455470965,2.42993031743369,1.95932454607795,23757.9948,21,18,151.1033,389,0.825192802056555,0.392523364485981,0.317757009345794,0.426470588235294,0.191176470588235,0.398457583547558,0.295629820051414,0.812903225806452,0.88695652173913,-0.043564356435644,3260.1069,2033.3178,2.14634146341463,159.46511627907,259,0.366666666666667,15,8,0.304347826086957,2623,1.12225174297623,0.3438,0.3155,0.3747,-0.0592,0.6902,0.0821,0.2471,0.1988,0.0483,0.2232,-6985.0431,0.5324,0.7119,0.1795,6230.4574,638.3623
"m05","BSLT_1","M",,8,0.1594,0.0804,0.1363,264.433333333333,195.666666666667,154.633333333333,120.466666666667,2.80294288059377,1.92167245100258,2.23687110838466,1.82272661219533,16904.83598,3,2,8.6858,237,0.772151898734177,0.688524590163934,0.262295081967213,0.703703703703704,0.222222222222222,0.691983122362869,0.253164556962025,0.768292682926829,0.8,-0.020217729393468,1066.3759,1199.1348,1.17241379310345,190.484848484848,343,0.283333333333333,13,8,0.238095238095238,2534,1.04076777534095,0.1229,0.2236,0.3748,-0.1512,0.5984,0.0207,0.2176,0.0592,0.1584,0.1992,-5616.4957,0.7628,0.789,0.0262,2721.8964,1273.7268
"m06","BSLT_1","M",,8,0.1413,0.0824,0.1369,226.4,124.233333333333,186,152.466666666667,3.02760803366003,1.86425696929454,2.02332889534653,1.78859398104417,24152.50788,5,14,79.8532,156,0.551282051282051,0.267441860465116,0.63953488372093,0.357142857142857,0.214285714285714,0.307692307692308,0.448717948717949,0.479166666666667,0.785714285714286,-0.242352941176471,5560.93,2645.7759,0.337078651685393,530,1344,0.1,4,1,0.6,1963,1.70408530548593,0.3448,0.3542,0.5324,-0.1782,0.8866,0.0217,0.4688,0.4796,-0.0108,0.2274,1295.1622,0.5266,0.8016,0.275,2254.9089,887.4889
"m07","BSLT_1","M",,9,0.2143,0.1179,0.0881,227.033333333333,153.433333333333,239.6,211.766666666667,3.82522858316125,2.20506460773808,2.27492127783377,1.68454818902121,21267.53552,6,5,28.2409,75,0.373333333333333,1,0,0.340425531914894,0.276595744680851,0.586666666666667,0.173333333333333,0.636363636363636,0,1,643.147,2880.1019,0.892857142857143,234.291666666667,705,0.208333333333333,8,1,0.777777777777778,2225,1.22022075563724,0.1456,0.2061,0.2653,-0.0592,0.4714,0.0311,0.3175,0.1737,0.1438,0.4368,-3144.2094,0.6444,0.8392,0.1948,2726.8153,736.6001
"m08","BG_1","M",,0,0.0283,0.0425,0.1306,263.4,249.933333333333,238.1,180.2,5.23925399427476,3.44873164291071,3.34004276628827,2.2027332029607,34057.01675,6,7,54.0585,267,0.651685393258427,0.310344827586207,0.252873563218391,0.698924731182796,0.129032258064516,0.445692883895131,0.209737827715356,0.453781512605042,0.785714285714286,-0.267796610169492,2891.1756,1036.8728,1.78260869565217,172.65,52,0.341666666666667,17,4,0.619047619047619,2086,1.2528219803183,0.173,0.1397,0.2184,-0.0787,0.3581,0.0037,0.0391,0.0074,0.0317,0.2736,-5208.1386,0.2231,0.4595,0.2364,7709.0262,5286.4562
"m09","BSLT_1","M",,1,0.0751,0.1002,0.1004,237.1,153.3,133.733333333333,186.833333333333,4.3811461163607,2.27876160782146,2.07694257096242,1.54762226192682,15953.73112,10,10,40.2507,295,0.694915254237288,0.175609756097561,0.331707317073171,0.555555555555556,0.166666666666667,0.291525423728814,0.28135593220339,0.418604651162791,0.819277108433735,-0.323675871435038,3954.6495,884.162,0.467625899280576,505.416666666667,395,0.108333333333333,5,2,0.428571428571429,2455,1.08581236320391,0.0982,0.3261,0.2738,0.0523,0.5999,0.0452,0.2681,0.2198,0.0483,0.2147,-3901.02,0.5976,0.8317,0.2341,3492.0371,627.4774
"m10","BG_1","M",,4,0.1128,0.0413,0.1251,277.366666666667,294.6,279.866666666667,200.333333333333,2.95822791131595,2.26180902446091,1.7605720927846,1.86248483590603,20557.02962,15,13,105.6707,319,0.874608150470219,0.265232974910394,0.480286738351254,0.4,0.225,0.282131661442006,0.448275862068966,0.822222222222222,0.937062937062937,-0.065276919000088,4684.4133,2954.5511,1.61654135338346,169.142857142857,91,0.358333333333333,14,17,-0.096774193548387,4186,1.29534483545586,0.1448,0.2015,0.0837,0.1178,0.2852,0.0037,0.1863,0.0952,0.0911,0.2885,-4251.1474,0.0651,0.1452,0.0801,16775.4656,7435.6597
"m11","BG_1","M",,2,0.0734,0.0448,0.1035,353.1,290.733333333333,255.933333333333,109.9,3.10839343306551,2.61151897714458,2.65095456598666,1.62322282516045,20301.64869,15,11,87.8604,190,0.9,0.578947368421053,0.269005847953216,0.578947368421053,0.157894736842105,0.578947368421053,0.257894736842105,0.9,0.938775510204082,-0.021087680355161,1439.5666,1220.8353,1.54150197628458,178.894736842105,260,0.325,13,7,0.3,2313,1.55928190026191,0.0004,0.0313,0.0975,-0.0662,0.1288,0.0118,0.0497,0.0062,0.0435,0.2255,-4641.7103,0.1417,0.3774,0.2357,9590.0627,3766.6145
"m12","HPC_1","M",,10,0.1337,0.0764,0.1443,155.2,175.333333333333,207.266666666667,196.433333333333,3.0713501176868,2.24870167184649,1.84964630605764,1.40531004217917,15237.08088,6,8,60.6185,296,0.959459459459459,0.542253521126761,0.133802816901408,0.75,0,0.550675675675676,0.128378378378378,0.94478527607362,1,-0.028391167192429,1733.4136,26.6332,0.493273542600897,689.5,250,0.091666666666667,6,3,0.333333333333333,1542,2.16748024768046,0.6852,0.2464,0.0875,0.1589,0.3339,0.0097,0.4519,0.3183,0.1336,0.1397,-7819.1397,0.61,0.6552,0.0452,2003.0447,746.3883
"m13","HPC_1","M",,9,0.1651,0.0487,0.1304,257.533333333333,211.5,199.866666666667,171.333333333333,4.1525206022408,3.38545973866594,3.07046816881002,2.25861461182506,20848.98681,10,13,116.0732,285,0.764912280701754,0.568807339449541,0.201834862385321,0.567164179104478,0.029850746268657,0.568421052631579,0.16140350877193,0.765432098765432,0.956521739130435,-0.110972568578554,1623.4153,1492.8377,1.37931034482759,200.967741935484,316,0.266666666666667,13,4,0.529411764705882,3153,1.23123847424408,1,0.1411,0.1363,0.0048,0.2774,0.0067,0.0836,0.2594,-0.1758,0.2916,-1013.5121,0.5084,0.6683,0.1599,3931.0763,2776.0654
"m14","CTX_1","M",,16,0.213,0.0636,0.1097,190.366666666667,93.9666666666667,179.133333333333,167.366666666667,2.56596208154441,2.16459555661539,2.58934411187126,2.36418236501924,12620.42681,7,6,82.0715,496,0.862903225806452,0.621495327102804,0.175233644859813,0.264705882352941,0.191176470588235,0.57258064516129,0.17741935483871,0.936619718309859,0.852272727272727,0.047150398139036,695.4077,2312.6377,0.733590733590734,380.333333333333,0,0.158333333333333,1,9,-0.8,5025,1.62055283950294,0.2235,0.4487,0.4725,-0.0238,0.9212,0.1087,0.6572,0.8047,-0.1475,0.2729,-3182.1879,0.6421,0.6351,-0.007,2943.3903,465.0573
"m15","CTX_1","F",,11,0.1666,0.096,0.1425,219.733333333333,142.733333333333,277.833333333333,261.9,2.3720102256483,1.54612641165192,1.66185421337765,1.41523816794122,21047.48893,14,11,85.0211,32,0.65625,0.476190476190476,0.19047619047619,0.454545454545455,0.272727272727273,0.46875,0.21875,0.666666666666667,0.571428571428571,0.076923076923077,1821.4173,1815.6506,0.785340314136126,454.714285714286,300,0.125,4,1,0.6,2771,0.930242850468189,0.4635,0.2266,0.3157,-0.0891,0.5423,0.0261,0.6465,0.3863,0.2602,0.189,-10137.6611,0.5461,0.6952,0.1491,5349.8709,2129.8973
"m16","MI_1","F",,9,0.1512,0.0874,0.1283,219,106.6,218.6,102.666666666667,3.62108985676712,1.58645644868488,1.566142974121,1.10070074306572,15977.45438,2,6,28.8936,411,0.790754257907543,0.553846153846154,0.012307692307692,0.593023255813954,0,0.562043795620438,0.009732360097324,0.779220779220779,1,-0.124087591240876,1469.3306,1238.2012,0.357142857142857,754.5,792,0.058333333333333,3,0,1,2228,1.06877490013031,0.1451,0.2541,0.265,-0.0109,0.5191,0.0177,0.4516,0.7231,-0.2715,0.2535,-3931.7729,0.4819,0.129,-0.3529,6371.9982,5690.4008
"m17","BG_1","F",,1,0.07,0.052,0.173,289.7,127.466666666667,211.2,206.533333333333,2.26646921264625,1.74667216909481,1.55580613642271,1.34134771663195,14315.06826,6,6,57.8391,354,0.757062146892655,0.052238805970149,0.361940298507463,0.593023255813954,0.081395348837209,0.18361581920904,0.293785310734463,0.215384615384615,0.932692307692308,-0.624790619765494,3910.7372,1462.778,2.03389830508475,197.942857142857,68,0.3,14,7,0.333333333333333,2591,1.17121672601673,0.0697,0.2701,0.155,0.1151,0.4251,0.0818,0.3435,0.1379,0.2056,0.3209,-3881.3592,0.1118,0.1011,-0.0107,5580.1886,4887.0808
"m18","BSLT_1","F",,18,0.237,0.0958,0.1152,249.733333333333,233.466666666667,273.133333333333,254.033333333333,2.83699567989501,1.98363712582946,2.00748196942785,1.71102165148193,19916.75173,12,8,91.4696,172,0.616279069767442,0.669811320754717,0.132075471698113,0.545454545454545,0.348484848484849,0.622093023255814,0.215116279069767,0.663551401869159,0.378378378378378,0.27369696969697,1230.6083,1015.1351,1.34831460674157,282.826086956522,205,0.2,10,3,0.538461538461538,2119,1.20484949385519,0.3867,0.1891,0.1697,0.0194,0.3588,0.018,0.5098,0.3311,0.1787,0.2265,-3516.157,0.4391,0.6496,0.2105,3375.6577,1633.3969
"m19","CTRL_1","M","CTX_1",8,0.1344,0.0773,0.1416,212.733333333333,226.533333333333,318.666666666667,140.1,2.44668913096768,1.78638834116824,1.73289730365353,1.39967080151618,16069.11254,10,10,74.0414,525,0.817142857142857,0.198135198135198,0.256410256410256,0.40625,0.197916666666667,0.236190476190476,0.245714285714286,0.685483870967742,0.852713178294574,-0.108717740296688,3643.7859,2754.0555,1.1969111969112,233.266666666667,135,0.258333333333333,16,5,0.523809523809524,1766,1.40047605634622,0.2283,0.1252,0.1001,0.0251,0.2253,0.0168,0.4362,0.1577,0.2785,0.3118,-3141.7322,0.6744,0.693,0.0186,3380.6425,1761.5588
"m20","CTRL_1","M","BSLT_1",12,0.1731,0.0669,0.1133,242.766666666667,164.5,229.466666666667,185.433333333333,3.21794476324865,2.60941686873696,2.63845963788819,2.11429677235575,10728.73327,4,4,28.9085,380,0.7,0.368421052631579,0.296992481203008,0.649122807017544,0.070175438596491,0.452631578947368,0.228947368421053,0.569767441860465,0.908045977011494,-0.22890476621145,3827.9821,711.7344,1.02362204724409,234.04,881,0.216666666666667,6,4,0.2,2761,1.77013140840508,0.2021,0.4968,0.4602,0.0366,0.957,0.2278,0.4887,0.4412,0.0475,0.2372,-7115.2506,0.6785,0.6725,-0.006,3432.7704,1706.1011
"m21","CTRL_1","M","BG_1",4,0.1198,0.07,0.1406,210.7,125.366666666667,164.9,137.866666666667,2.8128746970573,1.91289443265792,2.3805528577445,1.80434172730539,14754.31085,9,9,77.2014,278,0.679856115107914,0.412698412698413,0.253968253968254,0.48314606741573,0,0.435251798561151,0.172661870503597,0.644628099173554,1,-0.21608040201005,2566.3809,1804.7838,0.76271186440678,347.647058823529,581,0.15,7,3,0.4,2373,1.3336760778413,0.05,0.1948,0.1009,0.0939,0.2957,0.0266,0.2876,0.1851,0.1025,0.353,-3435.2551,0.2078,0.2081,0.0003,8932.0995,8312.8127
"m22","BSLT_1","F",,10,0.1145,0.0981,0.1418,256.9,200.233333333333,190.366666666667,167,3.1512961803965,2.47235507349253,2.3192754320576,1.53287507439041,19789.46975,6,4,39.3214,358,0.801675977653631,0.421602787456446,0.222996515679443,1,0,0.536312849162011,0.17877094972067,0.630208333333333,1,-0.226837060702875,2458.1005,957.6259,0.264550264550265,751,755,0.041666666666667,3,0,1,1198,0.841177224892398,0.4129,0.2464,0.3886,-0.1422,0.635,0.0237,0.7236,0.1249,0.5987,0.1958,-4036.915,0.4491,0.58,0.1309,7001.834,3027.0015
"m23","CTX_1","F",,15,0.209,0.0718,0.1451,296.366666666667,244,244.933333333333,216.833333333333,2.34782984397395,1.84457886947931,1.80347440625431,1.57827128512122,20653.59932,7,7,65.534,177,0.903954802259887,0.09375,0.51875,1,0,0.180790960451977,0.468926553672316,0.46875,1,-0.361702127659574,5234.9005,601.3683,0.6,549.090909090909,0,0.1,6,1,0.714285714285714,1791,0.919963571743198,0.3761,0.2148,0.2539,-0.0391,0.4687,0.0673,0.4499,0.783,-0.3331,0.4439,-3707.3778,0.5433,0.7326,0.1893,3951.8834,1282.7087
"m24","BG_1","M",,0,0.043,0.036,0.1371,248.7,180.833333333333,187.566666666667,133.533333333333,3.29962790133035,2.33847517383238,2.24895404675094,2.03696180167928,20869.2076,10,12,102.5215,561,0.695187165775401,0.146153846153846,0.351282051282051,0.485380116959064,0.052631578947368,0.249554367201426,0.260249554367201,0.407142857142857,0.938356164383562,-0.394807650352702,4745.4994,2425.6455,3.87878787878788,96,473,0.533333333333333,15,12,0.111111111111111,4370,1.28229997846332,0.2958,0.4023,0.2978,0.1045,0.7001,0.1087,0.403,0.3797,0.0233,0.2559,-4827.6574,0.0731,0.2404,0.1673,11216.1143,10225.2807
"m25","BSLT_1","F",,17,0.2335,0.1091,0.134,211.4,145.133333333333,100.533333333333,51.1666666666667,2.51840338262935,2.08092059092832,2.0146662163507,1.50228457772838,17090.86956,10,9,55.6896,38,0.631578947368421,0.666666666666667,0.041666666666667,0.785714285714286,0.142857142857143,0.710526315789474,0.078947368421053,0.592592592592593,0.333333333333333,0.28,1240.9177,859.3064,1.29213483146067,255.272727272727,1168,0.191666666666667,4,5,-0.111111111111111,3707,1.50659095022588,0.2343,0.378,0.4673,-0.0893,0.8453,0.0354,0.3436,0.3681,-0.0245,0.282,-5158.1491,0.6009,0.6918,0.0909,4895.2742,3199.806
"m26","MI_1","F",,14,0.2156,0.104,0.1181,228.066666666667,113.133333333333,165.4,88.6,2.18403896142374,2.14092479371851,2.35422335839235,2.23033819100545,18837.55858,10,6,43.4725,238,0.57563025210084,0.54014598540146,0.08029197080292,0.633663366336634,0.00990099009901,0.579831932773109,0.050420168067227,0.536231884057971,0.916666666666667,-0.261845386533666,1578.7395,883.336,1.42857142857143,269.44,0,0.216666666666667,14,4,0.555555555555556,1541,1.25689404336684,0.13,0.2358,0.1758,0.06,0.4116,0.1028,0.3654,0.3008,0.0646,0.2584,-4399.6425,0.4398,0.4724,0.0326,6812.49,2534.945
"m27","HPC_1","M",,10,0.227,0.0756,0.1174,173.566666666667,183.766666666667,168,228.633333333333,3.11774858414847,2.80729499274465,2.94412867702296,2.09893111826819,17499.95122,5,5,36.9422,119,0.857142857142857,0.490196078431373,0.372549019607843,0.529411764705882,0.352941176470588,0.495798319327731,0.369747899159664,0.847457627118644,0.863636363636364,-0.009455200360198,2855.5915,98.323,0.648854961832061,412.5,120,0.141666666666667,5,4,0.111111111111111,2932,1.23605842935168,0.0527,0.0391,0.069,-0.0299,0.1081,0.0093,0.5359,0.3137,0.2222,0.2011,-6906.2818,0.5846,0.7318,0.1472,3356.3311,1919.2995
"m28","BSLT_1","F",,9,0.1224,0.1034,0.1392,258.966666666667,181.666666666667,159.866666666667,152.366666666667,2.81160667617376,2.35650158803617,2.22130433052424,1.96420972385535,20799.09916,13,15,97.1723,289,0.335640138408304,0.195876288659794,0.144329896907216,0.541666666666667,0.119791666666667,0.42560553633218,0.1280276816609,0.154471544715447,0.378378378378378,-0.42020618556701,4211.0049,1612.9404,1.33333333333333,274.521739130435,439,0.2,7,3,0.4,2884,0.829922071025178,0.3394,0.0854,0.1651,-0.0797,0.2505,0.0197,0.285,0.3368,-0.0518,0.3478,-2864.1646,0.3574,0.6078,0.2504,8118.4089,3799.1502
"m29","BG_1","F",,3,0.0755,0.0526,0.1318,141.1,186.366666666667,317.866666666667,246.233333333333,1.66144051754678,1.41828794895006,1.37374552588689,1.12232639963422,13781.18487,7,8,86.842,67,0.746268656716418,0.42,0.32,1,0,0.567164179104478,0.238805970149254,0.552631578947368,1,-0.288135593220339,1812.1622,752.4487,1.79347826086957,213,194,0.275,12,7,0.263157894736842,3926,1.04768868789247,0.4741,0.2119,0.3786,-0.1667,0.5905,0.0622,0.4945,0.4101,0.0844,0.7616,-158.6666,0.258,0.2325,-0.0255,7949.3542,5772.5849
"m30","BG_1","F",,10,0.1203,0.1294,0.1417,235.533333333333,186.766666666667,152.966666666667,87.0333333333333,2.31529828555828,1.4898533561589,1.63715000160919,1.14241493372389,17118.80734,14,12,133.8592,297,0.592592592592593,0.153409090909091,0.403409090909091,0.578512396694215,0.148760330578512,0.326599326599327,0.2996632996633,0.278350515463918,0.797752808988764,-0.482669537136706,5077.8754,1479.5886,2.69662921348315,148.021276595745,72,0.4,20,12,0.25,2690,1.38410868074791,0.3808,0.0072,0.0313,-0.0241,0.0385,0.0242,0.2975,0.0304,0.2671,0.5127,-23.5829,0.1611,0.2115,0.0504,8514.0061,2187.4697
"m31","MI_1","F",,4,0.1107,0.0973,0.1903,269.9,149.633333333333,168.366666666667,139.333333333333,2.20937456907065,1.60481031240678,1.97551787062535,1.58211703057448,15195.9627,2,5,28.8917,279,0.878136200716846,0.208163265306122,0.387755102040816,0.764705882352941,0.029411764705882,0.275985663082437,0.344086021505376,0.662337662337662,0.989583333333333,-0.198100073704037,3416.2699,876.1581,0.941176470588235,426.8,587,0.133333333333333,3,7,-0.4,4770,0.843618520321746,0.2649,0.3206,0.3694,-0.0488,0.69,0.2864,0.4279,0.4102,0.0177,0.2061,-1654.2452,0.5157,0.6744,0.1587,5004.6395,2676.7828
"m32","MI_1","M",,10,0.1765,0.1151,0.1378,223.2,179.166666666667,256.366666666667,107.7,2.16827725903093,1.68741379842223,2.02460448364247,1.64309440024631,15950.43917,2,4,32.5873,422,0.78436018957346,0.389728096676737,0.332326283987915,0.538461538461538,0.076923076923077,0.421800947867299,0.277251184834123,0.724719101123595,0.94017094017094,-0.129409050269662,3787.9946,1326.9849,0.571428571428571,434.909090909091,1320,0.1,2,1,0.333333333333333,3520,0.785453291805946,0.3605,0.3147,0.4446,-0.1299,0.7593,0.1101,0.3337,0.687,-0.3533,0.1749,-6473.4699,0.6599,0.7214,0.0615,4329.7266,2031.8569
"m33","CTRL_1","F","CTX_1",0,0.0502,0.0408,0.1501,194.5,142.8,166.5,173.566666666667,4.1086693400816,2.84767099460967,2.96676523506009,2.40024183134612,10290.93009,10,8,151.5812,88,0.602272727272727,0.226415094339623,0.39622641509434,0.857142857142857,0.114285714285714,0.477272727272727,0.284090909090909,0.285714285714286,0.84,-0.49238578680203,3905.6634,626.9167,0.674846625766871,161.1,4554,0.091666666666667,0,4,-1,5328,1.47877544278426,0.2019,0.1539,0.1614,-0.0075,0.3153,0.0239,0.3006,0.2252,0.0754,0.2662,-6596.8852,0.4078,0.4273,0.0195,6312.084,5479.8605
"m34","CTRL_1","F","BG_1",0,0.0524,0.0514,0.2145,285.266666666667,202.1,265.6,220.9,3.13857108061128,2.17708251936828,2.19861276549603,1.69915504633523,22695.71945,20,11,109.7606,661,0.883509833585477,0.292808219178082,0.280821917808219,0.350649350649351,0.181818181818182,0.299546142208775,0.26928895612708,0.863636363636364,0.921348314606742,-0.032331902718169,4180.7515,2223.623,1.80790960451977,229.258064516129,0,0.266666666666667,12,7,0.263157894736842,2532,1.20766469895715,0.3058,0.1403,0.0849,0.0554,0.2252,0.0242,0.3357,0.3856,-0.0499,0.5228,-1902.5103,0.2158,0.212,-0.0038,7988.8877,8893.6312
"m35","CTRL_1","F","HPC_1",5,0.1185,0.062,0.1659,192,141.833333333333,138.433333333333,191.6,3.51418837327271,2.49465013353241,2.86931157872296,1.88847006943509,27726.08294,23,19,146.2061,194,0.649484536082474,0.5,0.182539682539683,0.514705882352941,0,0.505154639175258,0.118556701030928,0.642857142857143,1,-0.217391304347826,1741.7346,1366.2517,1.66666666666667,235.620689655172,294,0.25,13,4,0.529411764705882,2186,1.21771841179321,0.0833,0.0782,0.2036,-0.1254,0.2818,0.0034,0.083,0.1309,-0.0479,0.3404,-833.3616,0.6239,0.5321,-0.0918,4561.143,3075.5793
"m36","MI_1","F",,17,0.2895,0.0557,0.0714,92.9,30.3666666666667,161.333333333333,460.233333333333,1.71921693932375,1.06292268831186,1.4641775605638,0.897294184464887,23402.03402,44,11,170.1599,34,0.264705882352941,0.222222222222222,0,0.28,0.56,0.264705882352941,0.411764705882353,0.222222222222222,0,1,3256.9694,5751.8009,0.888888888888889,339.894736842105,173,0.166666666666667,5,4,0.111111111111111,2749,1.20179611870264,0.0461,0.0478,0.0628,-0.015,0.1106,0.0034,0.1412,0.0711,0.0701,0.1859,-82.7921,0.1417,0.3058,0.1641,3160.1552,6017.3112
"m37","CTX_1","F",,6,0.1574,0.1117,0.1316,143.5,112.133333333333,167.9,193.933333333333,2.66016309706449,1.60958067618635,1.92895443856276,1.6726697231594,18785.52938,2,4,19.0323,173,0.531791907514451,0.315217391304348,0.228260869565217,0.296296296296296,0.283950617283951,0.30635838150289,0.254335260115607,0.547169811320755,0.477272727272727,0.068229384679782,2987.5602,2870.455,0.047846889952153,"NaN",3918,0.008333333333333,0,0,"NaN",3918,"NaN",0.4607,0.0729,0.2692,-0.1963,0.3421,0.0042,0.19,0.1458,0.0442,0.2976,-5172.8981,0.7263,0.6331,-0.0932,3497.3556,776.645
"m38","MI_1","F",,9,0.1855,0.1061,0.0872,192.433333333333,124.1,187.933333333333,73.6666666666667,2.87253791964758,2.6105804019067,2.57774804999203,1.72191621117037,19216.27002,2,2,11.9434,212,0.632075471698113,0.626865671641791,0.029850746268657,0.833333333333333,0.08974358974359,0.702830188679245,0.05188679245283,0.563758389261745,0.363636363636364,0.21578947368421,1618.9557,709.4337,0.571428571428571,500.090909090909,358,0.1,6,1,0.714285714285714,1623,0.719204180977562,0.1992,0.1472,0.2715,-0.1243,0.4187,0.0037,0.3914,0.2319,0.1595,0.2297,-5152.4329,0.2477,0.4725,0.2248,5403.054,2028.7276
"m39","CTX_1","F",,12,0.1771,0.1096,0.1179,295.233333333333,203.9,306.766666666667,170.333333333333,2.31113076729769,1.63478022678799,2.05326469234803,1.68687692950664,16829.40364,2,1,7.6612,92,0.33695652173913,0.354838709677419,0,0.213114754098361,0.245901639344262,0.260869565217391,0.16304347826087,0.458333333333333,0,1,1937.3429,3158.1779,0.120967741935484,442,2738,0.025,0,0,"NaN",2893,0.918278942083887,0.3137,0.2099,0.2536,-0.0437,0.4635,0.0691,0.2612,0.2769,-0.0157,0.2676,-3909.5184,0.6742,0.7849,0.1107,3028.4262,866.7705
"m40","MI_1","M",,13,0.2195,0.1499,0.1148,253.466666666667,210.3,256.633333333333,291.666666666667,1.91630566266803,1.94048044186354,1.79145267714369,1.28748243760923,15278.97424,3,1,13.4719,167,0.419161676646707,0.571428571428571,0.614285714285714,0.835051546391753,0.237113402061856,0.724550898203593,0.395209580838323,0.330578512396694,0.651515151515151,-0.326788218793829,1671.4574,1028.1335,0.905797101449275,276.416666666667,202,0.208333333333333,11,3,0.571428571428571,2242,1.22289866910651,0.1068,0.1789,0.1842,-0.0053,0.3631,0.0634,0.1487,0.151,-0.0023,0.3401,-2290.9129,0.7239,0.6286,-0.0953,3155.2573,-99.4092
"m41","MI_1","M",,10,0.1896,0.1436,0.1156,228.5,129.9,235.266666666667,207.166666666667,2.01633850525964,1.57473676460189,1.44984353325981,1.14127122265601,13410.88377,7,2,26.7165,285,0.445614035087719,0.236220472440945,0.464566929133858,0.588607594936709,0.09493670886076,0.431578947368421,0.259649122807018,0.24390243902439,0.797297297297297,-0.531497309275087,4351.3906,1147.1265,0.24822695035461,723.166666666667,479,0.058333333333333,1,0,1,2554,1.2341751024709,0.2806,0.3512,0.3084,0.0428,0.6596,0.0344,0.3695,0.4088,-0.0393,0.3684,1933.8957,0.6733,0.7688,0.0955,3786.5002,1385.5347
"m42","CTX_1","M",,8,0.1184,0.1267,0.1264,200.6,233.733333333333,238.933333333333,231.233333333333,2.36112063832735,1.96265544025859,2.3572738436445,1.91242925208547,17315.26052,4,3,20.4164,171,0.64327485380117,0.518181818181818,0.236363636363636,0.311475409836066,0.131147540983607,0.444444444444444,0.198830409356725,0.75,0.764705882352941,-0.009708737864078,1787.8093,3934.3476,0.559440559440559,418.933333333333,848,0.133333333333333,8,2,0.6,1444,1.25796204294023,0.1289,0.1546,0.2189,-0.0643,0.3735,0.0618,0.3817,0.2786,0.1031,0.2533,-2434.0947,0.5934,0.8199,0.2265,3046.3494,1399.0267
"m43","CTX_1","M",,6,0.1156,0.1695,0.1387,205.9,122.666666666667,191.933333333333,168.333333333333,2.63855558339512,2.15355160787479,2.36509757664586,1.92422734690316,18684.85528,2,2,11.3185,176,0.125,0.272727272727273,0,0.844155844155844,0.012987012987013,0.772727272727273,0.011363636363636,0.044117647058824,0,1,3410.1642,1034.3467,0.592592592592593,440.8,173,0.133333333333333,6,2,0.5,2272,1.23981484610898,0.5823,0.302,0.2792,0.0228,0.5812,0.0544,0.7308,0.7642,-0.0334,0.2484,-4811.6927,0.3841,0.6659,0.2818,7466.3848,2194.018
"m44","CTX_1","M",,13,0.2215,0.1252,0.1017,258.233333333333,177.666666666667,249.566666666667,202.833333333333,2.22469810059284,1.45798623341372,1.65418790323019,1.50021329068994,13779.12871,2,3,10.2511,188,0.473404255319149,0.269662921348315,0.044943820224719,0.242424242424242,0.161616161616162,0.25531914893617,0.106382978723404,0.5,0.2,0.428571428571429,2083.3355,2508.8082,0.457746478873239,431.666666666667,400,0.108333333333333,5,2,0.428571428571429,2138,1.05067339787924,0.3622,0.2608,0.2078,0.053,0.4686,0.0329,0.318,0.2561,0.0619,0.2882,-2540.6967,0.6237,0.7446,0.1209,3600.6169,998.1411
"m45","MI_1","M",,15,0.2224,0.1094,0.0952,279.133333333333,306.333333333333,288.833333333333,283.833333333333,2.07780951094705,1.66590287973021,1.87392878750029,1.23703173413239,14063.68418,9,3,43.6658,183,0.530054644808743,0.041237113402062,0.917525773195876,0.081395348837209,0.918604651162791,0.060109289617486,0.918032786885246,0.363636363636364,0.529761904761905,-0.185947910357359,6477.8968,6330.6699,1.44578313253012,169.714285714286,382,0.3,12,5,0.411764705882353,2723,1.25314238776825,0.2567,0.3938,0.3543,0.0395,0.7481,0.0891,0.3976,0.2481,0.1495,0.2814,-3144.9834,0.6079,0.5572,-0.0507,5240.183,816.3149
"m46","HPC_1","M",,8,0.1306,0.0494,0.0963,195.1,146.5,150.266666666667,112.766666666667,2.96296958747454,2.50407593461307,3.16606037482546,2.59927066807134,14327.97088,10,10,184.6351,215,0.553488372093023,0.394957983193277,0.100840336134454,0.604166666666667,0.125,0.488372093023256,0.111627906976744,0.447619047619048,0.5,-0.055276381909548,2289.0691,1026.8362,0.794223826714802,309.047619047619,673,0.183333333333333,7,7,0,4782,1.42995192329603,0.1772,0.2273,0.3554,-0.1281,0.5827,0.0896,0.1802,0.1473,0.0329,0.2924,-779.1132,0.6307,0.6018,-0.0289,4008.7335,1625.677
"m47","BSLT_2","F",,12,0.1644,0.1055,0.1353,226.9,168.9,187.1,221.2,2.71893695994338,2.01394996568588,2.27865562090687,1.63616720232991,18445.86815,15,13,115.9787,152,0.638157894736842,0.123711340206186,0.298969072164948,0.381818181818182,0.090909090909091,0.217105263157895,0.223684210526316,0.363636363636364,0.852941176470588,-0.402197802197802,3939.1392,2400.5103,0.049751243781095,"NaN",2067,0.008333333333333,0,0,"NaN",2067,"NaN",0.6906,0.2875,0.3302,-0.0427,0.6177,0.1343,0.571,0.2523,0.3187,0.2372,1989.6757,0.6863,0.7438,0.0575,3417.5967,1918.0994
"m48","CTX_1","F",,10,0.1994,0.087,0.1661,167.466666666667,104,278.566666666667,261.333333333333,2.08534745460745,1.51661678262364,1.57235463015434,1.32531977588097,16231.65802,2,4,30.6054,186,0.532258064516129,0.454545454545455,0.04040404040404,0.436781609195402,0.149425287356322,0.446236559139785,0.091397849462366,0.542168674698795,0.235294117647059,0.394712853236098,1809.8546,2111.7354,2.68156424581006,138.808510638298,504,0.4,15,13,0.071428571428571,2735,1.13283439701958,0.2912,0.1586,0.2019,-0.0433,0.3605,0.0289,0.6199,0.4858,0.1341,0.215,-7112.8558,0.6285,0.7223,0.0938,3194.2291,828.1926
"m49","HPC_1","F",,11,0.1617,0.0795,0.1281,218.966666666667,217.166666666667,259.566666666667,186.466666666667,3.77229217377348,2.59863487397877,2.76593024421537,2.41111174851737,22679.14185,8,13,89.1395,123,0.650406504065041,0.275,0.425,0.581395348837209,0.093023255813954,0.382113821138211,0.308943089430894,0.468085106382979,0.894736842105263,-0.313064913722268,2325.7791,1494.6957,2.9608938547486,134.403846153846,196,0.441666666666667,17,19,-0.055555555555556,4623,1.3378779878683,0.1914,0.2394,0.3088,-0.0694,0.5482,0.0187,0.4989,0.3677,0.1312,0.3782,475.9246,0.65,0.7398,0.0898,3870.1276,639.5346
"m50","BSLT_1","M",,7,0.1353,0.1058,0.1192,223.966666666667,158.433333333333,237.466666666667,162.9,2.66071382236354,2.09460451125999,1.83555689646252,1.14260556530943,14719.43224,3,6,23.8341,209,0.617224880382775,0.418604651162791,0.356589147286822,0.725,0.1625,0.535885167464115,0.282296650717703,0.482142857142857,0.779661016949153,-0.235787958743104,1973.8243,1120.3646,2.60504201680672,112.508196721311,179,0.516666666666667,22,10,0.375,2500,1.23364565139266,0.3152,0.3289,0.5649,-0.236,0.8938,0.1226,0.5922,0.7604,-0.1682,0.2935,-2770.2925,0.5397,0.6128,0.0731,5505.5733,2485.9664
"m51","BSLT_2","M",,5,0.147,0.0717,0.1078,200.066666666667,134.2,183.066666666667,198.133333333333,3.17363169497421,2.16736726684046,2.19625025665598,1.25756940361773,20276.97106,13,6,31.7341,126,0.825396825396825,0.971153846153846,0.019230769230769,0.909090909090909,0.090909090909091,0.96031746031746,0.031746031746032,0.834710743801653,0.5,0.250773993808049,680.4672,523.1776,1.37795275590551,197.735294117647,0,0.291666666666667,20,2,0.818181818181818,1497,1.61899994073208,0.1929,0.1408,0.4276,-0.2868,0.5684,0.0246,0.5779,0.3566,0.2213,0.1819,-4189.165,0.5679,0.8094,0.2415,2019.1878,1649.0614
"m52","BG_2","M",,0,0.0331,0.0378,0.1517,465.066666666667,338.8,295,291.7,9.63085223357037,6.12402435978277,6.92970818525347,5.91782527281554,16607.69388,11,6,49.3881,495,0.737373737373737,0.273972602739726,0.298630136986301,0.330769230769231,0.061538461538462,0.288888888888889,0.236363636363636,0.699300699300699,0.931623931623932,-0.142448785135779,4294.3879,3067.703,1.36563876651982,190.966666666667,0,0.258333333333333,18,2,0.8,1026,1.95044215647301,0.0001,0.0079,0.025,-0.0171,0.0329,0.025,0.0657,0.0291,0.0366,0.3021,-4743.2095,0.0559,0.2276,0.1717,9280.8016,8764.317
"m53","CTX_1","F",,17,0.1747,0.1028,0.1352,224.066666666667,191.266666666667,223.066666666667,216.8,2.53309544321053,2.17376002915238,2.60186824314894,1.9634192537231,17214.22788,3,3,20.3883,280,0.785714285714286,0.245454545454545,0.2,0.55,0.033333333333333,0.310714285714286,0.164285714285714,0.620689655172414,0.956521739130435,-0.212927756653992,3186.2191,1679.0452,"NaN",230.785714285714,107,0.241666666666667,11,4,0.466666666666667,2439,1.18349607290576,0.2557,0.2825,0.2796,0.0029,0.5621,0.0265,0.5867,0.4454,0.1413,0.2918,-2616.4019,0.2288,0.4119,0.1831,2936.9802,-931.8177
"m54","CTRL_1","M","HPC_1",6,0.1112,0.0684,0.1049,192.1,146.7,208.6,114.566666666667,3.3207206995925,2.45650865415948,3.11820229378655,2.43714425167171,22959.1506,15,13,77.9726,299,0.71571906354515,0.542056074766355,0.074766355140187,0.752941176470588,0,0.602006688963211,0.053511705685619,0.644444444444444,1,-0.216216216216216,1483.6912,971.7393,1.32596685082873,259.304347826087,0,0.2,10,5,0.333333333333333,1928,1.54543933638423,0.1698,0.3023,0.0966,0.2057,0.3989,0.1491,0.5859,0.494,0.0919,0.2101,-4152.2979,0.6852,0.7899,0.1047,3942.2388,1018.3529
"m55","CTRL_1","M","MI_1",11,0.2288,0.1086,0.1274,259.966666666667,178.933333333333,123.333333333333,139.466666666667,2.53234260454553,1.93983578602683,2.04731812342644,1.94431846725687,19106.22151,10,11,61.2666,304,0.848684210526316,0.023255813953488,0.403100775193798,0.021739130434783,0.195652173913043,0.023026315789474,0.371710526315789,0.857142857142857,0.920353982300885,-0.035561877667141,4942.2151,4784.1561,1.35849056603774,163.342857142857,452,0.3,14,4,0.555555555555556,2041,1.13665780020696,0.334,0.2345,0.2139,0.0206,0.4484,0.0041,0.422,0.1851,0.2369,0.2092,-2664.7862,0.5991,0.7592,0.1601,3293.0703,1579.3547
"m56","HPC_1","M",,7,0.143,0.0871,0.1452,212.5,185.266666666667,177.066666666667,107.066666666667,2.76207505766119,1.95237650800781,2.11328633886601,1.65303718755294,17721.64028,3,9,35.6101,302,0.625827814569536,0.19047619047619,0.248677248677249,0.300884955752212,0.168141592920354,0.231788079470199,0.218543046357616,0.514285714285714,0.712121212121212,-0.161313095658313,4175.531,2787.8629,0.653846153846154,401.3125,232,0.141666666666667,3,5,-0.25,4416,1.05756854194066,0.0395,0.0725,0.2602,-0.1877,0.3327,0.014,0.1414,0.2203,-0.0789,0.2102,-5881.4422,0.4387,0.2289,-0.2098,4428.0512,-13732.2276
"m57","BG_1","M",,2,0.0584,0.1031,0.1583,305.733333333333,226.666666666667,219.2,87.6333333333333,2.29483011041073,1.68830943793709,2.09881620153369,1.29030029351235,12699.86108,4,10,43.3607,1097,0.964448495897903,0.238185255198488,0.290170132325142,0.846153846153846,0,0.259799453053783,0.279854147675479,0.884210526315789,1,-0.061452513966481,3924.8983,485.1118,1.02766798418972,224.32,128,0.216666666666667,10,1,0.818181818181818,1910,1.20991036358416,0,0.0325,0.0363,-0.0038,0.0688,0.0038,0.267,0.0878,0.1792,0.3677,1663.2971,0.2332,0.3854,0.1522,6386.2801,5250.2692
"m58","MI_1","M",,10,0.1604,0.0792,0.17,279.6,193.766666666667,306.166666666667,245.566666666667,2.62395414530253,2.11424717706079,2.1601907534533,1.94137491147548,17070.66648,4,3,17.258,328,0.704268292682927,0.16017316017316,0.264069264069264,0.577319587628866,0,0.283536585365854,0.185975609756098,0.397849462365591,1,-0.430769230769231,4044.5864,1472.7453,0.627177700348432,391.529411764706,258,0.15,7,1,0.75,2123,1.16238584220652,0.2726,0.4453,0.4008,0.0445,0.8461,0.0324,0.39,0.2818,0.1082,0.2928,-2638.029,0.5778,0.5406,-0.0372,4845.4352,2361.7328
"m59","BSLT_1","F",,12,0.1516,0.0714,0.1327,247.766666666667,180.2,198.266666666667,180.366666666667,3.94997214314425,2.8552406870761,2.62138844649238,2.18465309444469,21221.76725,15,11,87.8253,370,0.921621621621622,0.196480938416422,0.272727272727273,0.724137931034483,0.241379310344828,0.237837837837838,0.27027027027027,0.761363636363636,0.93,-0.099704380542865,3325.3438,929.6786,0.996677740863787,216.931034482759,176,0.25,14,7,0.333333333333333,2423,1.25117104477944,0.3957,0.289,0.3216,-0.0326,0.6106,0.0036,0.3044,0.2739,0.0305,0.2881,-292.0203,0.5182,0.6978,0.1796,7182.0276,3604.7677
"m60","CTRL_1","F","MI_1",14,0.2105,0.1155,0.1557,260.033333333333,333.133333333333,237.433333333333,220.433333333333,2.02352665994736,1.84984373134778,1.73267122041668,2.28701588844744,13713.16762,9,8,89.5316,295,0.806779661016949,0.420168067226891,0.369747899159664,0.859649122807018,0.087719298245614,0.505084745762712,0.315254237288136,0.671140939597315,0.946236559139785,-0.170087453150098,2778.7263,247.8169,"NaN",147.511627906977,159,0.366666666666667,15,8,0.304347826086957,4146,2.32509753793275,0.2926,0.4441,0.3768,0.0673,0.8209,0.1665,0.3777,0.5367,-0.159,0.2852,-3236.7179,0.6039,0.7132,0.1093,3586.46,1629.9602
"m61","CTRL_1","F","BSLT_1",4,0.0911,0.1573,0.1397,188.2,217.5,211.133333333333,170.3,3.11147784911081,3.08261740625272,3.11229968275151,2.84943646687026,18315.52702,39,10,201.0327,485,0.948453608247423,0.030434782608696,0.745652173913044,0.84,0,0.072164948453608,0.707216494845361,0.4,1,-0.428571428571429,5911.7168,1456.2631,0.324324324324324,1127.8,2,0.05,4,1,0.6,812,1.2645675043209,0.2648,0.3617,0.3927,-0.031,0.7544,0.0246,0.3186,0.7893,-0.4707,0.3223,-1594.5875,0.5603,0.585,0.0247,4415.2721,2370.1726
"m62","HPC_2","F",,9,0.1738,0.1262,0.1046,263.8,207.133333333333,166.6,135.3,2.46186142568966,2.01300398893076,2.62002161681712,2.15770047471367,21965.9534433197,13,15,100.3258,476,0.821428571428571,0.222506393861893,0.268542199488491,0.6,0.047058823529412,0.289915966386555,0.228991596638655,0.630434782608696,0.963302752293578,-0.208859967463396,3744.7161,1207.4644,1.72043010752688,215.193548387097,430,0.266666666666667,12,7,0.263157894736842,2577,1.64186117546763,0.4943,0.0703,0.3141,-0.2438,0.3844,0.0033,0.4696,0.4448,0.0248,0.3341,-5378.0137,0.6135,0.7809,0.1674,3945.0124,1081.9196
"m63","BG_2","F",,0,0.0289,0.055,0.1585,364.033333333333,404.6,275.766666666667,457.7,8.37850797677154,8.9997375307119,7.84066269600192,8.68930753224914,14232.4487277421,63,12,307.4491,25,0,"NaN","NaN",0.76,0.32,0.76,0.32,0,0,"NaN","NaN",741.0464,2.57281553398058,127.25,0,0.441666666666667,17,32,-0.306122448979592,5517,3.20300883147796,0.0247,0.0146,0.0202,-0.0056,0.0348,0.0036,0.0865,0.0295,0.057,0.416,-1582.6363,0.0867,0.0753,-0.0114,10290.4649,8820.1634
"m64","MI_2","F",,13,0.2306,0.0676,0.0955,253.666666666667,186.866666666667,167.033333333333,249.766666666667,2.34742776028213,1.58901434076102,1.71171402484588,1.48119027496114,19214.987035128,4,8,47.6088,161,0.472049689440994,0.184210526315789,0.526315789473684,0.188235294117647,0.317647058823529,0.186335403726708,0.416149068322981,0.466666666666667,0.597014925373134,-0.122544434050514,3638.2997,2549.3778,0.748663101604278,350,1253,0.116666666666667,5,2,0.428571428571429,2089,1.07781651285093,0.1695,0.1147,0.1398,-0.0251,0.2545,0.0507,0.4476,0.2699,0.1777,0.2294,-1042.7124,0.6508,0.5323,-0.1185,4153.1176,2574.3754
"m65","HPC_2","F",,15,0.2092,0.0796,0.1219,297.933333333333,258.766666666667,222.633333333333,133.1,2.51503103456039,1.65142322554943,1.84641260728827,1.19176760628603,21402.0077113004,13,12,117.259,217,0.566820276497696,0.186991869918699,0.333333333333333,0.574468085106383,0.042553191489362,0.354838709677419,0.207373271889401,0.298701298701299,0.911111111111111,-0.506202290076336,3407.3888,1436.1422,1.8,184.085714285714,141,0.3,11,17,-0.214285714285714,3259,2.27046667820551,0.4304,0.1032,0.1134,-0.0102,0.2166,0.0545,0.6256,0.3857,0.2399,0.3291,-1568.0913,0.5366,0.6828,0.1462,4439.673,2174.782
"m66","MI_2","M",,3,0.135,0.0693,0.1124,272.8,127.666666666667,225.166666666667,210.266666666667,2.05162485920621,1.4645952768189,1.64252907642738,1.21539011311038,19430.8068612561,6,8,70.0773,154,0.733766233766234,0.946902654867257,0.097345132743363,0.829268292682927,0.219512195121951,0.915584415584416,0.12987012987013,0.75886524822695,0.55,0.159577350311569,584.1365,459.384,0.315789473684211,671,380,0.05,3,0,1,1193,0.915661190451792,0.2412,0.1251,0.3616,-0.2365,0.4867,0.0414,0.6586,0.8513,-0.1927,0.2753,-3655.7162,0.5048,0.6828,0.178,5653.3352,1590.2411
"m67","HPC_2","M",,8,0.134,0.0521,0.1602,278.5,243.1,169.966666666667,156.533333333333,2.63146656682647,1.97556142389758,2.14976782128699,1.55719245042721,14241.5888371997,9,8,164.1556,180,0.161111111111111,0.793103448275862,0.241379310344828,0.993377483443709,0.04635761589404,0.961111111111111,0.077777777777778,0.132947976878613,0.5,-0.579908675799087,884.566,1035.2,1.81818181818182,146.560975609756,0,0.35,21,7,0.5,924,3.16093589357782,0.129,0.0357,0.0473,-0.0116,0.083,0.0037,0.0693,0.0865,-0.0172,0.3179,-2469.9087,0.6453,0.7811,0.1358,1548.3428,1003.1976
"m68","HPC_2","M",,6,0.1294,0.0595,0.156,277.033333333333,241.4,238.366666666667,221.066666666667,3.81681387362483,2.61524972595208,2.86845597229294,2.1316276049981,22217.7516473619,11,8,83.6503,358,0.55586592178771,0.49748743718593,0.005025125628141,0.767295597484277,0,0.61731843575419,0.002793296089385,0.447963800904977,1,-0.38125,1800.9243,656.0932,1.10169491525424,207.92,681,0.216666666666667,7,3,0.4,2713,1.50691797034999,0.0426,0.0743,0.1232,-0.0489,0.1975,0.0081,0.1537,0.0783,0.0754,0.3325,-4305.7706,0.6122,0.5815,-0.0307,3395.6545,2504.489
"m69","BG_2","M",,2,0.0618,0.049,0.2081,432.7,99.2666666666667,63.0333333333333,109.466666666667,9.04751541636904,6.6707160478816,6.7865440667248,5.24109935866007,11689.9160508487,60,12,336.5708,321,0.660436137071651,0.207547169811321,0.471698113207547,0.137614678899083,0.256880733944954,0.183800623052959,0.398753894080997,0.745762711864407,0.78125,-0.023239680887964,4597.4221,3982.6393,2.51908396946565,95.3384615384615,0,0.55,26,2,0.857142857142857,2289,1.59509518404012,0.0001,0.0078,0.0477,-0.0399,0.0555,0.0034,0.0369,0.0077,0.0292,0.3364,-2051.8564,0.1424,0.1967,0.0543,11293.2299,10317.0751
"m70","CTX_2","M",,9,0.1075,0.0552,0.155,262.533333333333,179.5,200,152.033333333333,3.42100262495414,2.35430082266205,2.15913314398833,1.65999648061488,20417.2918931906,4,9,75.9084,205,0.458536585365854,0.24468085106383,0.085106382978723,0.144144144144144,0.081081081081081,0.190243902439024,0.082926829268293,0.58974358974359,0.470588235294118,0.112375533428165,2073.0106,2759.3566,0.452488687782805,421.333333333333,2574,0.083333333333333,0,2,-1,2830,1.32699151715099,0.2518,0.2279,0.241,-0.0131,0.4689,0.0244,0.557,0.3891,0.1679,0.1987,-8463.7907,0.6862,0.7287,0.0425,3311.0593,747.058
"m71","BG_2","M",,0,0.0498,0.0397,0.2019,296.666666666667,310.733333333333,290.766666666667,306.666666666667,9.78192430910017,5.77199458485609,6.73814202856109,5.6133388791651,23109.7843015661,28,20,145.8506,473,0.640591966173362,0.353135313531353,0.145214521452145,0.647058823529412,0.058823529411765,0.45877378435518,0.114164904862579,0.493087557603687,0.814814814814815,-0.245987211274958,3867.2061,1097.5126,0.883534136546185,340.761904761905,0,0.183333333333333,21,1,0.909090909090909,758,3.73045430877304,0,0.0343,0.1066,-0.0723,0.1409,0.0062,0.0331,0.028,0.0051,0.3446,-1969.0028,0.0506,0.0589,0.0083,5012.9893,9600.2055
"m72","BSLT_2","M",,10,0.1139,0.0818,0.1445,364.766666666667,194.866666666667,223.933333333333,155.566666666667,2.25167085004336,2.16648188530613,2.10609273864427,1.66473750962084,9810.31189064413,1,5,22.3526,580,0.432758620689655,0.091633466135458,0.820717131474104,0.753799392097264,0.024316109422492,0.467241379310345,0.368965517241379,0.084870848708487,0.962616822429907,-0.837953512872852,5912.8815,927.6254,2.28971962616822,145.145833333333,27,0.408333333333333,25,9,0.470588235294118,1766,2.01822733433975,0.3479,0.442,0.7053,-0.2633,1.1473,0.0034,0.6386,0.2527,0.3859,0.2804,-3218.0079,0.6872,0.7993,0.1121,3103.1087,1911.5888
"m73","CTX_2","M",,4,0.1048,0.1416,0.1262,201.866666666667,201.433333333333,267.566666666667,133.466666666667,2.51744714724739,1.57349004178414,1.65807665500723,1.12692283815086,20064.5139107484,2,2,12.0702,127,0.574803149606299,0.397260273972603,0.232876712328767,0.666666666666667,0,0.511811023622047,0.133858267716535,0.446153846153846,1,-0.382978723404255,2724.2521,1548.2099,0.852017937219731,281.722222222222,1368,0.158333333333333,2,5,-0.428571428571429,3940,1.04109161863666,0.2846,0.509,0.1763,0.3327,0.6853,0.0088,0.4237,0.5596,-0.1359,0.4135,-56.3786,0.6904,0.7388,0.0484,3370.8937,1091.4332
"m74","MI_2","F",,10,0.1818,0.0645,0.1463,172.966666666667,135.533333333333,182.433333333333,117.833333333333,2.75231172984017,2.46457246288911,2.19118642103211,1.57638760347626,15473.6637806183,2,3,15.1204,246,0.646341463414634,0.270440251572327,0.094339622641509,0.333333333333333,0.275862068965517,0.292682926829268,0.158536585365854,0.597222222222222,0.384615384615385,0.216539717083787,3036.7347,3729.8956,0.276679841897233,936.333333333333,872,0.058333333333333,1,1,0,2177,1.11056534296565,0.4175,0.3777,0.2395,0.1382,0.6172,0.0119,0.4579,0.2248,0.2331,0.2644,-2229.3399,0.4532,0.4407,-0.0125,5895.1114,3131.0098
"m75","CTX_2","F",,15,0.2143,0.0818,0.141,270.866666666667,260.633333333333,299.133333333333,246.066666666667,3.14227323064091,2.30329832559433,2.61807766752023,1.807181528603,21239.7775222023,4,7,50.6541,197,0.604060913705584,0.495798319327731,0.092436974789916,0.538461538461538,0,0.512690355329949,0.055837563451777,0.584158415841584,1,-0.2625,2237.4537,1746.7327,0,"NaN","NaN",0,0,1,"NaN",0,1.11056534296565,0.3075,0.2735,0.4244,-0.1509,0.6979,0.0476,0.6137,0.4439,0.1698,0.2259,-9835.9224,0.5269,0.5252,-0.0017,5614.3155,-324.7227
"m76","MI_2","F",,14,0.2142,0.0698,0.1049,181.933333333333,139.266666666667,155.5,226.633333333333,2.88759154792369,2.3331878473403,2.35274341614494,1.76470120128306,18985.1651310376,4,7,55.0994,238,0.605042016806723,0.4375,0.347222222222222,0.680851063829787,0.085106382978723,0.533613445378151,0.243697478991597,0.496062992125984,0.862068965517241,-0.269492203118752,2363.4897,1012.5172,0.876288659793815,386.875,158,0.141666666666667,10,2,0.666666666666667,1723,1.27359189449238,0.3188,0.1251,0.2749,-0.1498,0.4,0.0107,0.5818,0.3933,0.1885,0.2668,-185.4609,0.571,0.6585,0.0875,5078.3206,2381.2798
"m77","CTRL_2","F","HPC_2",5,0.1216,0.0561,0.1276,202.9,203.366666666667,219.066666666667,238.733333333333,3.52182518226645,2.93075265829929,3.22910092096713,3.57915984397281,15326.5521635373,11,14,112.612,334,0.856287425149701,0.27972027972028,0.325174825174825,1,0,0.383233532934132,0.278443113772455,0.625,1,-0.230769230769231,3754.6079,827.5545,0.564102564102564,493.7,627,0.091666666666667,2,1,0.333333333333333,2428,0.876755330777387,0.1057,0.0693,0.1345,-0.0652,0.2038,0.0036,0.3984,0.0865,0.3119,0.222,-7195.8142,0.5069,0.5089,0.002,5126.8332,375.1798
"m78","BG_1","F",,1,0.0758,0.0739,0.1526,207.7,188.166666666667,240.733333333333,141.266666666667,3.36680388656809,2.67860672216346,3.10176984994219,2.58766321163818,20160.2778934796,12,8,87.5314,103,0.456310679611651,0.425531914893617,0.25531914893617,0.714285714285714,0.196428571428571,0.58252427184466,0.223300970873786,0.333333333333333,0.521739130434783,-0.220338983050847,2049.2136,695.7949,2.65536723163842,140.173913043478,0,0.391666666666667,21,11,0.3125,2049,1.54655060203734,0.0973,0.0071,0.0173,-0.0102,0.0244,0.1054,0.7174,0.1207,0.5967,0.5498,-1150.5589,0.1699,0.0843,-0.0856,10107.5543,10411.2657
"m79","BSLT_2","F",,10,0.1185,0.0877,0.1095,157.033333333333,137.833333333333,183.766666666667,225.9,3.22630203550883,2.28040778895442,2.7092348863264,1.72380386885752,17289.3354577334,10,8,89.2924,101,0.722772277227723,0.465753424657534,0.424657534246575,0.714285714285714,0,0.534653465346535,0.306930693069307,0.62962962962963,1,-0.227272727272727,2963.5364,378.5509,0.054054054054054,"NaN",4062,0.008333333333333,0,0,"NaN",4062,"NaN",0.3271,0.4217,0.2264,0.1953,0.6481,0.0279,0.4028,0.6056,-0.2028,0.3106,1366.7816,0.521,0.5565,0.0355,5200.9507,1149.3579
"m80","CTRL_2","F","BSLT_2",6,0.0608,0.0433,0.1937,200.3,286.333333333333,429.033333333333,419.866666666667,8.96190797388277,8.11337031283357,4.63160212397071,3.19701649744542,20239.3922591495,24,17,157.7566,454,0.649779735682819,0.061016949152542,0.31864406779661,0.534591194968553,0.220125786163522,0.226872246696035,0.284140969162996,0.174757281553398,0.728682170542636,-0.613128957014328,4426.774,1435.05,3.77358490566038,72.9620253164557,251,0.666666666666667,25,26,-0.019607843137255,3754,2.47667392154447,0.0704,0.0721,0.0626,0.0095,0.1347,0.0038,0.1006,0.2377,-0.1371,0.4114,-2514.7593,0.1473,0.2299,0.0826,12892.6639,5160.9904
"m81","CTRL_2","M","HPC_2",7,0.1293,0.0996,0.1509,262.366666666667,254.6,346.2,433.4,2.30088164035916,1.72493149342952,1.61495705123131,1.02947162206059,16437.8215866999,6,7,68.7601,171,0.380116959064327,0.184615384615385,0,0.415094339622642,0.10377358490566,0.327485380116959,0.064327485380117,0.214285714285714,0,1,4133.3869,2304.8964,3.90374331550802,63.625,379,0.608333333333333,27,0,1,2581,2.532951586028,0.0384,0.1179,0.1522,-0.0343,0.2701,0.0071,0.4375,0.0859,0.3516,0.3473,-633.3614,0.722,0.759,0.037,2653.7764,630.0558
"m82","CTRL_2","M","BG_2",2,0.0509,0.0515,0.1762,292.7,375.833333333333,374.966666666667,461.533333333333,8.87485669179266,6.47209878003698,2.99901361287795,3.84574090758798,17374.9370170086,17,12,132.4471,486,0.619341563786008,0.066445182724253,0.40531561461794,0.47027027027027,0.05945945945946,0.220164609053498,0.273662551440329,0.186915887850467,0.917293233082707,-0.661448389970727,3827.1654,1831.3164,1.51079136690647,70.6829268292683,18,0.35,29,0,1,1569,1.2575473935504,0.0388,0.0869,0.1087,-0.0218,0.1956,0.0351,0.3755,0.1749,0.2006,0.3178,-3290.1598,0.6059,0.6078,0.0019,5029.2726,3477.2987
"m83","CTRL_2","M","CTX_2",9,0.1614,0.0635,0.1175,228.466666666667,191.366666666667,152.666666666667,159.3,2.63094359270835,2.01114805203963,2.14135873428585,1.70747927937867,16736.5270199872,8,12,101.8171,298,0.506711409395973,0.139072847682119,0.278145695364238,0.503401360544218,0.095238095238095,0.318791946308725,0.187919463087248,0.221052631578947,0.75,-0.544715447154472,4696.7482,1759.1028,1.15702479338843,228.37037037037,1014,0.233333333333333,5,6,-0.090909090909091,3045,1.69674112458815,0.0622,0.1739,0.1351,0.0388,0.309,0.0217,0.2745,0.4485,-0.174,0.3203,-5716.4555,0.606,0.7063,0.1003,3667.4378,1541.3361
"m84","CTX_2","M",,8,0.1649,0.1213,0.0708,302.166666666667,261.766666666667,272.933333333333,195.866666666667,3.54559631929127,2.66855319900337,2.51268582585547,1.97524889401892,24121.1164620469,14,13,76.1615,214,0.700934579439252,0.18,0.22,0.40625,0.09375,0.247663551401869,0.182242990654206,0.509433962264151,0.846153846153846,-0.248394004282655,2422.8716,1916.612,0.689655172413793,365.294117647059,968,0.15,6,5,0.090909090909091,1939,0.971070281042128,0.0632,0.0651,0.0872,-0.0221,0.1523,0.0233,0.5053,0.5474,-0.0421,0.3598,-3678.1772,0.6039,0.7512,0.1473,4189.5106,1737.616
"m85","CTRL_2","F","CTX_2",10,0.1552,0.0487,0.1144,151.666666666667,187.566666666667,329.833333333333,255.133333333333,2.08997922031703,1.52873568922881,1.59797005707157,1.49553414998003,14061.536241868,11,9,105.1013,230,0.534782608695652,0.227642276422764,0.276422764227642,0.822429906542056,0.037383177570094,0.504347826086956,0.165217391304348,0.241379310344828,0.894736842105263,-0.575079872204473,3453.7856,896.9133,0.871369294605809,324.15,5,0.175,7,3,0.4,3176,0.624845392643494,0.3184,0.3794,0.3774,0.002,0.7568,0.0042,0.3701,0.473,-0.1029,0.2733,-2618.955,0.6193,0.7027,0.0834,4892.1489,372.0917
